,,Глубина манометра,Dшт,Руст,Рзаб,Pлин,Руст,Рзаб,Рлин,Туст,Тна шлейфе,Тзаб,Tлин,Дебит газа,Дебит ст. конд.,Дебит воды,Дебит смеси,Дебит гааз,Дебит кон нестабильный,Дебит воды,Нэф,Рпл. Тек (послед точка на КВД),Рпл. Тек (Расчет по КВД),Рпл. Тек (Карноухов),Pсб,Pсб,Ro_g,Ro_c,Ro_w,Удельная плотность газа ,G_total,КГФ,КГФ
804,2008-06-05 00:00:00,3576.3,7.94,249.60000000000002,370.1,101.8,249,359.6,101.8,53,31.7,103.2,32.5,214.704,83.6,0.4,231.24884,1610.368866,131.3,0.4,56.8,45.25,56.5,-,93.6,92.3760177646188,0.8060166657971012,801,1000,0.6694490579710143,2.782622710802093,311.9094,
804,2008-06-06 00:00:00,3576.3,9.53,233.5,364.6,101.3,231,338.1,102.4,58.8,37.6,103,38.6,290.594,104.7,1.4,309.00166,2310.226429,158.5,1.4,56.8,45.25,56.5,-,92.9,91.68517147791759,0.8060166657971012,801,1000,0.6694490579710143,3.6977813307944776,288.6003,
804,2008-06-07 00:00:00,3576.3,11.11,213.4,357.1,101.6,211,314.8,100.6,63.6,42.8,102.6,43.4,368.042,114.3,1.9,388.11498000000006,3039.48968,172.3,1.9,56.8,45.25,56.5,-,91.4,90.20478657784358,0.8060166657971012,801,1000,0.6694490579710143,4.515072751311305,248.7906,
804,2008-06-08 00:00:00,3576.3,12.7,191.6,347.4,98.4,187,291.5,99,64.7,46.2,102,46.1,434.663,121.3,3.3,455.21451999999994,3824.082686,181.5,3.3,56.8,45.25,56.5,-,89.2,88.03355539106835,0.8060166657971012,801,1000,0.6694490579710143,5.217672708395432,223.5591,
804,2008-06-09 00:00:00,3576.3,14.29,171.9,337.69999999999993,99.2,169,270.3,99.5,64,49.4,104.4,49.9,483.283,129.8,4.6,504.58777999999995,4299.104676,190.6,4.7,56.8,45.25,56.5,-,89.7,88.52701702442636,0.8060166657971012,801,1000,0.6694490579710143,5.765092040467829,215.1486,
804,2011-06-17 00:00:00,3576.3,9.53,199.5,286.4,106.36166898470155,199.5,286.6,106.19,57.5,38.8,102.64,38.979712100139054,251.7,76.8,0.6,268.89611999999994,1921,119,0.6,56.8,41.22431,48.3,-,90.7,89.51394029114236,0.8127,789.8,1000,0.675,3.0765420138888886,241.130793707915,
807,2004-09-16 00:00:00,3590,7.93,284.31795,391.823775,-,284.31795,391.823775,-,46,-,102.8,-,198.9,70.6,0,206.056016,-,-,-,57.2,41.88,52.3,51.7,,,,,,,,,
807,2004-09-16 00:00:00,3590,11.11,270.94304999999997,384.2244,-,270.94304999999997,384.2244,-,56,-,102.9,-,341.5,129.3,0.1,354.65120299999995,-,-,-,57.2,41.88,52.3,51.7,,,,,,,,,
807,2004-09-17 00:00:00,3590,14.28,245.51047499999999,371.91239924999996,-,245.51047499999999,371.91239924999996,-,63,-,103,-,569.7,204.4,0.8,586.1652200000001,-,-,-,57.2,41.88,52.3,51.7,,,,,,,,,
807,2004-09-17 00:00:00,3590,17.46,209.64142500000003,346.19206125,-,209.64142500000003,346.19206125,-,65,-,103.3,-,692.6,202.7,1.2,712.6172219975426,-,-,-,57.2,41.88,52.3,51.7,,,,,,,,,
807,2007-05-09 00:00:00,3667,7.94,252,354.333525,102.93200404858312,252,354.2,101.56548387096784,56,-,105.3,32.99727530364374,234.85742914979755,56.068587044534425,0,261.28126025947637,1807.4,90.4,0,57.2,38.74,50.8596,50.1,100.9,99.5805576116457,,787,,0.659,,,0.188
807,2007-05-10 00:00:00,3667,9.53,250,350.20000000000005,103.18690228690187,250,349.1,103.32258064516141,61,-,105.2,39.06092099792096,326.22444906444906,73.88715800415793,0,362.08473698070804,2532.4,118,0,57.2,38.74,50.8596,50.1,100.1,98.79101899827288,,787,,0.659,,,0.178
807,2007-05-11 00:00:00,3667,11.11,240,344,105.67149877149868,240,344.1,105.58870967741944,65,-,105.2,44.89659213759216,429.7228501228501,92.12672481572478,1.014582702702704,476.2047969192303,3392.3,146,1,57.2,38.74,50.8596,50.1,102,100.66617320503332,,787,,0.659,,,0.169
807,2007-05-12 00:00:00,3667,12.7,228,336.70000000000005,108.10006302521013,228,343,108.1448387096775,42,-,105.1,49.839871848739456,532.283025210084,109.8121764705883,1.3784178571428567,589.1426530810221,4228.8,175.5,1.4,57.2,38.74,50.8596,50.1,103.8,102.44263508512213,,787,,0.659,,,0.162
807,2009-08-18 00:00:00,3579,7.94,259.60869565217394,365.86,103.4714148857772,259,365.9,101.42032258064515,52,27.2,105.9,28.092309506263728,243.63669859985262,70.73221444362562,1.1444375092114956,257.6357482757553,1713.8,117.3,1.2,62.5724,41.231,-,-,93.2,91.9812484579324,,793.7,,0.661,,,0.23
807,2009-08-22 00:00:00,3579,9.53,239.42307692307693,342.27,103.20046587926512,239,342.3,104.17999999999986,58,34.6,105.7,35.09973359580054,313.8510498687664,79.58073622047256,1.657555314960633,327.8430008516404,2353.5,129.7,1.7,62.5724,41.231,-,-,92,90.79694053787318,,793.7,,0.661,,,0.201
807,2009-08-26 00:00:00,3579,11.11,213.42857142857142,312.27,103.18711137581893,212,312.3,102.99999999999994,61,41.2,105.2,41.11381596188213,395.0005955926147,85.5020559857057,2.591600059559267,410.0173482237641,3085.5,139.7,2.7,62.5724,41.231,-,-,93.7,92.4747100912904,,793.7,,0.661,,,0.172
807,2009-08-30 00:00:00,3579,12.7,194.24242424242425,291.74,103.22992846193262,194,291.7,103.91741935483866,62,43.7,104.5,44.143173224322894,435.0373019928462,86.21457690342353,3.1601476750127757,449.6452114679612,3534.4,137.7,3.2,62.5724,41.231,-,-,89.6,88.42832469775475,,793.7,,0.661,,,0.157
807,2009-09-03 00:00:00,3579,14.29,166,263.03,107.3775597092424,166,263,107.53666666666662,63,49.2,103.4,49.75384527518173,494.5908618899273,88.07178712357216,3.5106176531671887,509.04695277455863,4071.6,142.2,3.6,62.5724,41.231,-,-,90.3,89.11917098445596,,793.7,,0.661,,,0.141
807,2011-09-09 00:00:00,3582.5,9.53,206,292,105.507978385251,206,292,105.03,56,37.4,104.6,37.79177942212822,273.4,59.9,0.8,285.53654000000006,2085,94,0.7,62.6,,49.7,,92.1,90.89563286454478,,783,,0.672,,,0.172
20503,2007-10-03 00:00:00,3653,7.94,323.1,440.5,108.88643532338311,314,442.7,99.16735483870968,37,14,105.42,16.204686069651743,310.7806417910448,150.07470398009968,1.2034843532338302,337.72025463982595,1784,492.8,2.5,63.6,53.27,56.7,56.8,99.4,98.10017271157169,0.787416,798,1000,0.654,4.232369768123735,385.415949386802,
20503,2007-10-04 00:00:00,3653,9.53,272.6923076923077,388.7,89.65283935242846,268,388.6,86.74719354838712,48,21,105.32,22.031063511830656,375.366899128269,138.9773723536737,0.8592120921544208,398.3963089393649,3127,238.3,1,63.6,53.27,56.7,56.8,99.7,98.39624969158649,0.787416,798,1000,0.654,4.714502980027443,295.5028799822254,
20503,2007-10-05 00:00:00,3653,12.7,202.15384615384613,308.8,97.87704524886881,197,308.7,92.45790322580648,54,35,105.22,35.40620060331823,473.779185520362,151.7921266968327,0.6965744796380082,496.80674771475117,3895.7,245,0.8,63.6,53.27,56.7,56.8,99.2,97.90278805822848,0.787416,798,1000,0.654,5.727870401960785,255.68112741124983,
20503,2007-10-06 00:00:00,3653,14.29,165.8461538461538,270.5,79.95274967741933,162,270.4,81.14677419354842,52,34,105.12,33.82577935483872,488.0902193548387,143.14583225806487,0.4267214193548387,509.7342959136775,5129,221.2,0.4,63.6,53.27,56.7,56.8,98.9,97.60671107821368,0.787416,798,1000,0.654,5.775314163481485,233.96044419658497,
20503,2007-10-07 00:00:00,3653,15.88,138.86666666666667,239.3,80.73293237250546,136,239.3,79.54112903225814,51,38,105.02,37.26220177383591,492.5143015521065,137.67566518847002,0.4085362305986699,513.3312706648337,5235.6,209.7,0.4,63.6,53.27,56.7,56.8,100.8,99.48186528497409,0.787416,798,1000,0.654,5.764899980578139,223.10946098417853,
20503,2007-10-08 00:00:00,3653,14.29,149.88888888888889,251.3,73.30663802559425,151,285.3,72.57925806451617,50,,100.21,31.994166361974468,459.30621572212067,114.87843510054843,0.34101025594149914,476.67617611957945,5209.5,172.5,0.3,63.6,53.27,56.7,56.8,97,95.73155687145325,0.787416,798,1000,0.654,5.250915099829033,199.62761225517968,
20503,2007-10-09 00:00:00,3653,11.11,191.41176470588235,296.8,76.5720676470589,192,296.8,76.81951612903225,50,,102.38,24.80197549019607,355.0154509803922,109.27444803921578,0.32912409803921555,371.5380766480197,3705.5,164,0.3,63.6,53.27,56.7,56.8,98,96.71848013816926,0.787416,798,1000,0.654,4.2485530090568275,245.6833574872083,
20503,2008-06-15 00:00:00,3650,7.94,337.1081081081081,458.6,91.04554516129046,333,458.5,89.4336774193549,60,90.3,105.6,31.17772258064514,287.9502949308756,106.6626898617513,0.4876661705069131,306.24343390833644,2519.8,163,0.5,63.6,47.33,55.4,55.2,89.6,88.42832469775475,0.8213444748792268,795,1000,0.682179796411318,3.7244315786101585,294.587295099189,
20503,2008-06-25 00:00:00,3650,9.53,325.8421052631579,452.8,97.78799548736481,325,452.7,98.17906451612895,66,95.5,105.49,40.51194043321302,402.789178700361,143.00573104693154,2.1840857400721982,429.87664824638995,3517.8,218.9,2.2,63.6,47.33,55.4,55.2,85.5,84.3819393042191,0.8213444748792268,795,1000,0.682179796411318,5.170165606354928,282.24440973094613,
20503,2008-06-27 00:00:00,3650,12.7,299.55555555555554,437.30000000000007,103.10805220883537,299,437.2,105.97709677419346,74,103.6,105.47,51.37921987951809,654.5622991967872,230.9797590361446,4.556070682730927,692.7940053879518,5599.8,354.6,4.7,63.6,47.33,55.4,55.2,93.8,92.573402417962,0.8213444748792268,795,1000,0.682179796411318,8.400533646134148,280.5615294373049,
20503,2008-06-29 00:00:00,3650,14.29,280.3333333333333,426.2,107.0626261467888,280,426.1,106.77129032258067,75,106.8,105.42,52.76279816513765,742.114254587156,272.7696100917432,6.246333830275232,787.2638713911697,6020.6,421.6,6.4,63.6,47.33,55.4,55.2,92.3,91.09301751788799,0.8213444748792268,795,1000,0.682179796411318,9.636916858651475,292.2406966150632,
20503,2008-07-01 00:00:00,3650,15.87,256.2105263157895,414,109.78447484554317,255,413.9,109.39032258064499,75,110.2,105.36,55.513903795233944,846.8161429832304,302.6210767872898,8.340288261253283,896.9082714797881,6943.1,469.6,8.1,63.6,47.33,55.4,55.2,87.7,86.55317049099433,0.8213444748792268,795,1000,0.682179796411318,10.931155145659286,284.08411224113485,
20503,2008-07-03 00:00:00,3650,14.29,271.4736842105263,414.80000000000007,108.6331631722871,271,414.7,108.63999999999977,74,,105.35,53.125238833181484,720.2693072014584,262.0141659070192,6.011751595259804,763.6386634106655,5914.3,401.1,6.1,63.6,47.33,55.4,55.2,96.3,95.04071058475203,0.8213444748792268,795,1000,0.682179796411318,9.327572099379012,289.18350400329433,
20503,2008-07-05 00:00:00,3650,11.11,297.6774193548387,424.5,100.12634143706153,298,424.5,102.25428571428557,70,,105.37,44.88405024311182,497.1557806591032,179.76385197190743,3.2895430037817346,526.9099877034575,4204.5,274,3.3,63.6,47.33,55.4,55.2,88.2,87.04663212435234,0.8213444748792268,795,1000,0.682179796411318,6.41826341342675,287.5175146302226,
20503,2010-10-05 00:00:00,3653,9.53,298.57142857142856,403.4,111.38188006482996,298,402.9,111.61290322580646,64,32,104.42,42.44033954619124,366.21893841166934,118.27696110210711,1.4693333063209097,388.1844394216369,2724.6,184.3,1.5,63.6,43.4,54.9,52.7,88.8,87.63878608438193,0.823536,788.9,1000,0.684,4.587644763698678,254.839032065248,
20503,2010-10-08 00:00:00,3653,11.11,285.65,399.20000000000005,121.68292972057577,288,396.6,123.61679999999998,68,36,104.42,49.17873581710411,470.2880016934801,145.0345469940728,2.270067061812026,495.84535894089754,3324.9,229.5,2.3,63.6,43.4,54.9,52.7,87.4,86.25709351097953,0.823536,788.9,1000,0.684,5.833181955417568,243.234996427721,
20503,2011-07-12 00:00:00,не спускался,14.29,221.8,-,107.55553088133304,222,-,106.77,69,-,-,52.22178972935467,601.5,167.1,1,629.44012,5020,254,1,63.6,-,-,-,90.8,89.61263261781396,0.8243303332527975,788.4,1000,0.684659745226576,7.275189067726362,219.042278656448,
21002,2007-05-18 00:00:00,3572,6.35,251.286,341.5,106,251.286,345,114.7,25,-,104.9,26.5,148.196,40,0,-,1768.6,98.2,0,30,38.59,51.3,51.7,94.8,93.56032568467802,,780,,0.662,,,0.27
21002,2007-05-18 00:00:00,3572,9.53,237.10049999999998,330,105.9,237.10049999999998,328.7,103.8,31,-,104.7,38.5,304.633,76.6,0,-,2315.9,122.1,0,30,38.59,51.3,51.7,94.8,93.56032568467802,,780,,0.662,,,0.251
21002,2007-05-19 00:00:00,3572,11.11,222.915,316,108.9,222.915,316.1,108.7,37,-,104.6,45,389.857,91.8,1.1,-,2998.1,143.5,1.2,30,38.59,51.3,51.7,103.6,102.24525043177893,,780,,0.662,,,0.236
21002,2007-05-20 00:00:00,3572,12.7,222.915,301.6,101.7,222.915,329.7,108.4,37,-,104.5,48.2,472.62,102.3,2.4,-,4013.4,158.9,2.4,30,38.59,51.3,51.7,98,96.71848013816926,,780,,0.662,,,0.217
21002,2008-07-11 00:00:00,3588.5,7.94,258,359.9,100.2,258,359.9,100.2,57,33,105.1,33.2,235.784,59.6,1.3,247.2285,1839.2,94.7,1.2,30,40.39,49.4,-,97.6,96.32371083148284,,792,,0.683,,,0.2
21002,2008-07-12 00:00:00,3588.5,9.53,250.3,346.9,98.9,248,346.9,98.8,62,38.5,104.88,39,326.312,74,2.6,340.13039999999995,2690.920702,119.1,2.7,30,40.39,49.4,-,95.5,94.25117197137922,,792,,0.683,,,0.18
21002,2008-07-13 00:00:00,3588.5,11.11,232,330.5,94.5,232,330.5,93.1,66,42.9,104.5,43.3,415.321,88.7,3.8,429.84499,3706.486907,138.7,3.9,30,40.39,49.4,-,90.3,89.11917098445596,,792,,0.683,,,0.169
21002,2008-07-14 00:00:00,3588.5,12.7,214.2,314.2,96.9,215,314.2,97,68,47.9,104,47.8,489.673,98.6,4.7,506.45941999999997,4437.442082,159.2,4.9,30,40.39,49.4,-,92,90.79694053787318,,792,,0.683,,,0.16
21002,2008-07-15 00:00:00,3588.5,14.29,193,297.5,98.2,193,297.5,98.3,68,51,103.4,51.2,554.811,109.1,5.7,571.8362999999999,5035.740014,170.4,5.8,30,40.39,49.4,-,93.2,91.9812484579324,,792,,0.683,,,0.156
21002,2008-07-16 00:00:00,3588.5,12.7,206,306.9,97.2,206,306.8,97.6,67,,103.76,48.2,490.355,94.7,4.5,505.1327,4386.745588,149.6,4.6,30,40.39,49.4,-,92.5,91.2904021712312,,792,,0.683,,,0.153
21002,2011-09-16 00:00:00,не спускался,9.53,215,-,100.36964188706226,215,-,100.26,58,-,-,37.535415296640444,285,55.4,0.5,296.32980000000003,2291,91,0.5,30,,,,92.9,91.68517147791759,,781,,0.665,,,0.152
21202,2007-07-21 00:00:00,3559.5,6.35,307.01475,399.42315,99.22807278805165,297,396.7,99.03075,49.6,26,107.62,26.2704474751067,167.32297981843533,68.61482918918924,1.3825652347083912,183.8468132524268,1146,100,1.3,22.1,42.98,48.1,46.6,96.5,95.23809523809524,,,,,,,
21202,2007-07-22 00:00:00,3559.5,9.53,289.78950000000003,390.810525,100.82093164254702,285,386.8,100.65044,59.9,37.9,107.5,38.187472286541265,357.34781640503604,151.63015606367577,2.8912527351664297,393.86324923790426,2671,222,3,22.1,42.98,48.1,46.6,97.6,96.32371083148284,,,,,,,
21202,2007-07-23 00:00:00,3559.5,12.7,264.356925,376.422375,101.83162392340431,259,373.9,102.06587,66.8,48.6,107.4,48.906679693617036,554.1669441361013,248.05528769361726,4.7059132595744755,613.9033633259838,4437,364,5,22.1,42.98,48.1,46.6,97.8,96.52109548482605,,,,,,,
21202,2007-07-24 00:00:00,3559.5,14.29,245.10517499999997,366.69517499999995,101.26489122486284,241,372.8,101.15301,68.5,52,107.2,52.25843784277882,630.6201536893598,284.27693352833654,5.208312833638029,699.0792475958169,5207,416,5,22.1,42.98,48.1,46.6,96.8,95.53417221811004,,,,,,,
21202,2008-11-27 00:00:00,3570,7.94,277.9166666666667,381.26,89.58742161426531,278,379.2,88.88085,52,25.6,106.32,25.939782731112167,219.5485819001781,102.50745944626946,1.933761426560299,238.3503837240505,1942,146,2,22.1,40.06,41.7,42.1,85.6,84.4806316308907,,,,,,,
21202,2008-11-29 00:00:00,3570,9.53,268.94444444444446,378.82,91.79511629318446,269,373,91.43714,58,33.4,106.35,33.67069549486457,312.6779551749022,143.3966749579832,4.419035070028008,338.98132439726646,2873,205,4.3,22.1,40.06,41.7,42.1,87.6,86.45447816432272,,,,,,,
21202,2008-11-30 00:00:00,3570,11.11,260.30555555555554,372.62,94.27580615097797,259,365.1,94.22627,64,40.7,106.34,40.77627542404476,393.5658790904008,187.10894024231126,6.635297670083872,427.8882940285108,3692,269,7,22.1,40.06,41.7,42.1,89.6,88.42832469775475,,,,,,,
21202,2008-12-02 00:00:00,3570,12.7,249.08333333333334,364.64,96.1803338580094,248,356.7,96.33394,65,45,106.3,44.92587537132181,464.3642471475398,219.66786709014482,9.157682241943037,504.66049165411425,4383,318,9.3,22.1,40.06,41.7,42.1,90.6,89.41524796447075,,,,,,,
21202,2008-12-03 00:00:00,3570,14.29,229.11111111111111,356.04999999999995,102.9624759962491,229,345.5,110.25928,70,50.7,106.25,50.9079042287858,557.3779312244177,264.3869160056256,11.222106779184266,605.8777137266286,5030,390,11.2,22.1,40.06,41.7,42.1,93.2,91.9812484579324,,,,,,,
21203,2007-09-22 00:00:00,3480,6.35,331.33275,432.0498,97.74763876860615,331.33275,432.0498,97.74763876860615,44,22,106.3,21.712269228687425,184.8618292901578,65.01401725304461,0.7287491542625171,193.772871513815,1324,91.1,0.7,55.9,45.17,62,61.3,96.3,95.04071058475203,,,,,,,
21203,2007-09-23 00:00:00,3480,9.53,320.187,421.71465,99.54091295189504,320.187,421.71465,99.54091295189504,57,35,106.414,35.59865918367348,392.03083851129736,137.23001566326522,0.38038680758017496,410.84005097957055,3049,192.2,0.4,55.9,45.17,62,61.3,96.7,95.43547989143845,,,,,,,
21203,2007-09-24 00:00:00,3480,11.11,306.00149999999996,413.406,97.63249315194349,306.00149999999996,413.406,97.63249315194349,62,41,106.37,41.55618932155472,499.10348056537106,172.1482533003536,0.7081220070671369,522.6987053907751,4138,238.9,0.7,55.9,45.17,62,61.3,95.3,94.05378731803602,,,,,,,
21203,2007-09-25 00:00:00,3480,12.7,277.6305,400.943025,97.07964945039255,277.6305,400.943025,97.07964945039255,67,48,106.3,46.82961309778736,614.5220235546038,212.2843196788011,1.158115524625267,645.2700965777311,5300,293.4,1.2,55.9,45.17,62,61.3,95.2,93.95509499136442,,,,,,,
21203,2007-09-27 00:00:00,3480,14.29,264.45825,385.84560000000005,103.06586132948013,264.45825,385.84560000000005,103.06586132948013,67,50,106.2,49.950134624277375,688.7173958815029,264,4.000340612716763,726.9561658970549,5609,366.4,4.1,55.9,45.17,62,61.3,92.7,91.4877868245744,,,,,,,
21203,2009-04-19 00:00:00,3480.6,7.94,276,376.653,97.05413761450598,276,376.6,97.196846,53.3,29,105.97,29.407191398379993,246.487,75.315,1.48,258.68574425,2012,117,1.5,63.5193,39.7,-,-,93.4,92.1786331112756,,,,,,,
21203,2009-04-21 00:00:00,3480.6,9.53,272.3,373.775,95.57305481241463,272,366.8,93.2939,54.3,35.8,106.01,35.88838914962048,347.959,97.659,3.71,363.84889953,3035,150,3.5,63.5193,39.7,-,-,95.4,94.15247964470763,,,,,,,
21203,2009-04-26 00:00:00,3480.6,11.11,261.8,363.64199999999994,94.65640957754356,262,354,94.025223,61.9,40.9,105.95,40.90340674947371,444.391,119.474,3.523,463.56054208,4049.1,182.7,3.5,63.5193,39.7,-,-,90.9,89.71132494448557,,,,,,,
21203,2009-05-01 00:00:00,3480.6,12.7,246.70000000000002,351.18,97.4180405895988,245,341.2,100.192825,64.4,45.2,105.85,45.13802802642314,515.363,134.335,4.416,536.9563938500002,4662.42,207.1,4.4,63.5193,39.7,-,-,90.3,89.11917098445596,,,,,,,
21203,2010-04-25 00:00:00,3478.5,9.53,260,347,93.85216319444433,260,345.7,94.36306451612884,57,34.3,106.51,35.29383749999997,347.8570138888889,67.78739999999999,5.488664374999995,360.52518887326386,3019.1,104,5.6,63.5193,39.4921,-,-,87.9,86.75055514433754,,779.8,,0.668,,,0.152
21203,2010-04-29 00:00:00,3478.5,11.11,248.13636363636363,342,94.36018113207544,248,335.4,94.1848387096773,60,38.5,106.48,40.51949056603775,448.1998113207547,79.31589886792453,5.4517244528301925,462.6248934593962,4002.5,122.7,5.6,63.5193,39.4921,-,-,87.9,86.75055514433754,,779.8,,0.668,,,0.138
21203,2011-07-28 00:00:00,-,12.7,200,-,102.13519083969554,200,-,102.23,66,-,-,48.36874392782796,479.1,80.9,0.7,492.60291,4109,416,0.7,63.5,-,-,-,93,91.78386380458919,,776.7,,0.67,,,0.131
21204,2007-09-14 00:00:00,3564.3,6.35,348,457,97.83480906921248,348,457.5,98.08909677419375,46.3,22.6,106.944,21.68210501193317,198.97892601431982,67.3855202863961,0.21759121718377075,212.01150322892602,1438.8,106.8,0.2,33.7,47.93,57.7,58,95.1,93.85640266469282,,,,,,,
21204,2007-09-15 00:00:00,3564.3,7.94,345,453,98.68245384615388,345,453.3,98.45483870967749,52.7,29.4,107.05,30.095861538461534,305.8393333333333,94.69047435897433,0.6037667435897436,324.1530748411026,2291.4,155,0.6,33.7,47.93,57.7,58,95.2,93.95509499136442,,,,,,,
21204,2007-09-16 00:00:00,3564.3,11.11,321,438.5,101.44903225806458,321,438.9,101.147741935484,64.6,43.3,107.06,44.03527688172044,543.8227419354839,160.47768817204295,1.7581981182795714,574.8608850260753,4419,258.9,1.8,33.7,47.93,57.7,58,97.3,96.02763385146805,,,,,,,
21204,2007-09-17 00:00:00,3564.3,12.7,300.85714285714283,427.9,101.35314121037482,301,428.3,101.27483870967754,66.4,46.5,107.03,48.57650432276657,678.3148126801152,196.3056772334294,2.4395913544668613,716.2827702484149,5688.2,319.5,2.6,33.7,47.93,57.7,58,96.2,94.94201825808044,,,,,,,
21204,2007-09-19 00:00:00,3564.3,14.29,280,414.80000000000007,99.07050131233585,280,415,99.07558064516135,71.2,51.9,106.9,51.965131233595756,732.8421784776904,209.88805774278197,3.2341249343832006,773.4377629700788,6345.3,331.6,3.3,33.7,47.93,57.7,58,97,95.73155687145325,,,,,,,
21204,2008-11-19 00:00:00,3560,7.94,304.0869565217391,415.69000000000005,91.1730564647979,306,415,87.51682,56,28.1,106.8,28.252343489780408,243.29465038201357,114.59757020439069,1.1806584708554124,262.63990089098564,2209.7,166.2,1.1,33.7,43.04,49.5,50.7,86.5,85.36886257093511,,,,,,,
21204,2008-11-20 00:00:00,3560,9.53,300,410.66,93.88042091672449,300,408.8,92.28044,64.5,35.7,106.87,36.2264734569629,338.2117081642551,159.0051496710984,5.0039927781665545,360.3979305361516,3186,232,4.8,33.7,43.04,49.5,50.7,87.6,86.45447816432272,,,,,,,
21204,2008-11-21 00:00:00,3560,11.11,288.5,403.41999999999996,93.62814450469958,288,400.8,93.91002,67.6,41.9,106.84,42.18526214750542,426.4448260680263,209.7127633839477,6.882270021691971,455.70663883010866,4245,305,6.8,33.7,43.04,49.5,50.7,87.9,86.75055514433754,,,,,,,
21204,2008-11-22 00:00:00,3560,12.7,275.8333333333333,395.33000000000004,96.75214273112144,275,392.4,96.62806,70,46.4,106.8,46.532798405081095,504.63604440084725,245.06425253352177,8.104391474947047,538.8306120207485,4973,359.8,8.1,33.7,43.04,49.5,50.7,89.7,88.52701702442636,,,,,,,
21204,2008-11-23 00:00:00,3560,14.29,255.91666666666666,384.93,101.04822901616329,255,381.2,101.13915,70.5,50.7,106.74,50.65454920590304,614.4568901832199,293.863527702038,10.288149992972594,655.4611404476472,5889.07,437.2,10.3,33.7,43.04,49.5,50.7,91.9,90.69824821120159,,,,,,,
21204,2011-09-23 00:00:00,3558,12.7,216,309.40000000000003,101.98102177554411,215,311.8,100.95,67,47.7,103,47.88539865996652,483.7,88.5,1.7,499.62285,4105,132.6,1.6,33.7,-,58.8,-,93.5,92.2773254379472,,,,,,,
21303,2007-05-26 00:00:00,3640.5,6.35,270.76015090219585,403,105.3842298288512,270.76015090219585,404.8,105.95032258064525,47,-,104,22.445078239608808,182.449315403423,49.43158679706597,0.32045985330073345,191.7576036571638,1239.4,80,0.3,63.3,42.86,50.8,51.2,102.4,101.06094251171972,,784,,0.679,,,0.212
21303,2007-05-27 00:00:00,3640.5,9.53,244.44933227283673,396.6,108.4915697674416,244.44933227283673,397.3,108.11709677419363,59,-,107.071,36.26904651162794,383.71962209302325,93.84667151162783,0.44654549418604667,401.391396884157,2827.3,151.9,0.4,63.3,42.86,50.8,51.2,97,95.73155687145325,,792,,0.679,,,0.194
21303,2007-05-28 00:00:00,3640.5,11.11,235.65819333398179,390,107.78597560975592,235.65819333398179,390.1,108.50161290322579,62,-,105,42.71885670731711,498.6035213414634,117.4709649390244,1.106617667682927,520.7244106571494,3817.5,185.2,1.1,63.3,42.86,50.8,51.2,103.7,102.34394275845054,,792,,0.679,,,0.187
21303,2007-05-29 00:00:00,3640.5,12.7,227.86481197232757,384.4,110.16593220338972,227.86481197232757,381.3,110.19000000000001,64,-,104.9,47.98646892655367,612.2051129943503,139.52666666666659,0.6516762146892656,638.4786360038983,4835,222.6,0.7,63.3,42.86,50.8,51.2,103.8,102.44263508512213,,792,,0.679,,,0.18
21303,2008-12-08 00:00:00,3667,7.94,264,362.8,95.60121658986225,263,362.9,95.33503225806453,49,26.1,105.54,26.43987327188939,243.22290322580645,61.33461059907835,1.3715891705069119,255.2458584923963,1924.9,101.5,1.3,63.3,39.02,48.3,50.9,93.1,91.88255613126078,,787,,0.665,,,0.198
21303,2008-12-09 00:00:00,3667,9.53,256,359.3,96.59738321167896,256,359.3,97.32183870967738,55,33.4,105.57,33.68865328467154,353.2155839416058,77.98768613138682,3.496397080291972,366.8591266430657,2856.2,123.1,3.5,63.3,39.02,48.3,50.9,92.8,91.586479151246,,787,,0.665,,,0.174
21303,2008-12-10 00:00:00,3667,11.11,249.2727272727273,354,98.95240206185592,249,354,40.73983870967736,60,39.2,105.56,39.666828178694175,451.4766323024055,98.20043814433,3.8912477663230236,468.65578018161517,3766.5,154,3.9,63.3,39.02,48.3,50.9,94.8,93.56032568467802,,787,,0.665,,,0.171
21303,2008-12-11 00:00:00,3667,12.7,239.63636363636363,348.1,100.10129617834409,239,348.1,45.06035483870962,64,43.7,105.51,44.07239171974519,537.8701114649682,113.09065445859883,5.187693471337577,557.6548546232484,4529.6,176.6,5.3,63.3,39.02,48.3,50.9,95.2,93.95509499136442,,787,,0.665,,,0.165
21303,2008-12-12 00:00:00,3667,14.29,223.1111111111111,340,102.22606557377014,221,340,47.84654838709679,66,47.8,105.44,48.17109016393446,653.029487704918,134.34448770491812,6.576014344262297,676.5329146188525,5557.8,206,6.6,63.3,39.02,48.3,50.9,96,94.74463360473723,,787,,0.665,,,0.162
21303,2009-05-10 00:00:00,3670,7.94,264,359.46,96.6323353500564,264,359.2,96.284828,51.1,26.6,105.2,26.721264920388606,239.13661141875724,74.17447142850942,2.5212206740139256,252.79465282941982,1868,107,2.5,63.3,37.19,48,50.2,94.1,92.8694793979768,,,,,,,
21303,2009-05-15 00:00:00,3670,9.53,254.65263157894736,354.05,97.73223105694811,254,352.1,97.456688,57.3,34.3,105.2,34.300860082354944,335.80580937335725,98.09990283896985,3.9208616667250626,354.70377152180964,2730,141.4,3.9,63.3,37.19,48,50.2,95,93.75771033802123,,,,,,,
21303,2009-05-19 00:00:00,3670,11.11,243.91578947368424,345.57000000000005,98.48931742101426,242,342.7,97.216438,62.7,"40,1,",105.14,40.213197539448224,432.32574032463543,117.40822577033929,5.216373740467395,454.74418699793364,3626,169.1,5.2,63.3,37.19,48,50.2,91.4,90.20478657784358,,,,,,,
21303,2009-05-23 00:00:00,3670,12.7,229.89473684210526,336.3,102.40378048912564,228,333.1,102.293098,65.1,44.8,105.04,44.739639307486506,503.7549776125223,134.48172574777206,6.656155877896616,528.6676493768875,4152,195.9,6.7,63.3,37.19,48,50.2,95.8,94.54724895139402,,778.8,,0.674,,,0.14
21303,2009-05-27 00:00:00,3670,14.29,212.4954128440367,323.77,100.80219648906392,211,319.3,95.843582,67.1,48.1,104.9,48.14262399617571,606.9915621462444,153.0177334890622,9.166526483402155,635.3396129149022,5207,221.3,9.2,63.3,37.19,48,50.2,95,93.75771033802123,,,,,,,
21303,2010-04-04 00:00:00,3668.5,9.53,248,340,94.02052714708701,248,339.8,94.19509677419349,59,32.4,104.853,33.5142857847976,338.63326752221127,66.58909279368211,1.391210256663376,350.5474474332577,2868.6,105.2,1.4,72.5398,36.75,48.4,49.7,88.8,87.63878608438193,,782.53,,0.66,,,0.154
21303,2010-04-08 00:00:00,3668.5,11.11,239,334,95.50515307582188,239,331.7,95.88422580645144,61,38.6,104.834,39.28579113018597,432.74201239866477,77.90659656652359,2.0189837386742946,445.71547971072965,3773,122.8,2,72.5398,36.75,48.4,49.7,88.1,86.94793979768073,,782.53,,0.66,,,0.141
21303,2010-04-13 00:00:00,3668.5,12.7,223.88888888888889,326,94.89208995037264,223,324,95.52348387096755,64,42.7,104.74,42.913789702233274,514.1017369727047,91.24142059553358,2.7990755583126563,528.9312668950372,4590.3,142.1,2.7,72.5398,36.75,48.4,49.7,88.8,87.63878608438193,,782.53,,0.66,,,0.139
21303,2010-04-16 00:00:00,3668.5,14.29,206,318,97.27056371490129,205,312.5,95.52348387096755,66,46.9,104.643,46.71543250539952,608.7759179265659,102.94293682505406,3.226367926565875,625.4867829411988,5452.4,161.1,3.3,72.5398,36.75,48.4,49.7,88.9,87.73747841105354,,782.53,,0.66,,,0.132
21303,2011-07-04 00:00:00,-,12.7,199,-,100.24718459403162,199,-,100.08,64,-,-,45.94230811936156,476.1,85.8,0.5,491.08118,4122,132.9,0.5,72.5,-,-,-,91,89.81001727115716,,,,,,,
22102,2007-06-10 00:00:00,3548.5,6.35,187,300.5,103.75753176885095,187,300,107.89592,26,-,104.52,16.817760028188875,100.3,85.7,0.2,117.8687,755.63,268.9,0.3,40.8,37.12,44.2,44.6,101.1,99.7779422649889,,,,,,,
22102,2007-06-11 00:00:00,3548.5,9.53,177,261.1,103.97658695619889,177,259.6,103.98386,39,-,104.13,27.42533771343727,206.8,115.2,2.2,231.97340000000003,1328,186.7,2.2,40.8,37.12,44.2,44.6,102,100.66617320503332,,,,,,,
22102,2007-06-12 00:00:00,3548.5,11.11,157,231.6,102.53933206095796,157,227.4,102.51287,43,-,103.74,33.97761949927431,251.5,119.7,3.6,278.92687,1790,191.7,3.7,40.8,37.12,44.2,44.6,100.8,99.48186528497409,,,,,,,
22102,2007-06-13 00:00:00,3548.5,12.7,140,207.89999999999998,103.26887631046952,140,206.2,103.34484,46,-,103.37,39.50795709025268,275,119.5,3.8,301.16235,2056,191.1,3.7,40.8,37.12,44.2,44.6,101.5,100.17271157167531,,,,,,,
22102,2007-06-14 00:00:00,3548.5,14.29,129,192,103.8743427750526,129,192,103.86777,47,-,103.09,42.889363910301356,275.9,112.2,3.8,301.36197999999996,2119,179.3,3.9,40.8,37.12,44.2,44.6,102.2,100.86355785837651,,,,,,,
22102,2008-02-01 00:00:00,3548.5,7.94,143.9,226.79,102.04843963366338,143,226.8,101.13834,27.8,,103.3,21.558205663366316,119.8,51.8,0.4,132.06663999999998,765,70.3,0.3,40.8,33.22,-,-,98,96.71848013816926,,,,,,,
22102,2008-02-01 00:00:00,3548.5,9.53,138.5,210.11,100.5923316392014,138,210,100.40366,30.5,26.2,103.17,27.582029627059832,168.4,70.6,1,185.11908000000003,1180,94.8,1,40.8,33.22,-,-,98,96.71848013816926,,,,,,,
22102,2008-02-02 00:00:00,3548.5,11.11,130,194.68,101.26118873198922,128,194.6,101.40632,36,34.3,102.97,34.280063040345865,200.4,79.4,1.2,219.20311999999998,1499,106,1.2,40.8,33.22,-,-,98.5,97.21194177152726,,,,,,,
22102,2008-02-03 00:00:00,3548.5,12.7,120.1,181.13,101.31547629603484,119,181.1,100.94046,39.3,38.3,102.73,38.83960782577906,221.5,82.6,1.8,241.06148,1736.18,109.3,1.8,40.8,33.22,-,-,98.3,97.01455711818406,,,,,,,
22102,2008-02-04 00:00:00,3548.5,14.29,111.1,169.25,100.39855422804467,109,169.2,95.35319,43,41.6,102.5,42.075778045325784,228.5,84,2,248.3932,1869.95,110.5,2,40.8,33.22,-,-,98.2,96.91586479151246,,,,,,,
22103,2004-10-10 00:00:00,3952,7.94,289.485525,406.11060000000003,-,289.485525,406.11060000000003,-,39.5,-,107.4,-,202.1,79.8,0,215.5463,-,-,-,45.2,46.2,55.9,50.5,,,,,,,,,
22103,2004-10-11 00:00:00,3952,11.11,275.705325,397.59929999999997,-,275.705325,397.59929999999997,-,56.5,-,107.2,-,378.5,168.9,0.3,405.86210000000005,-,-,-,45.2,46.2,55.9,50.5,,,,,,,,,
22103,2004-10-12 00:00:00,3952,14.3,259.392,382.299225,-,259.392,382.299225,-,55.7,-,107.1,-,581.3,195.6,0.4,612.0096,-,-,-,45.2,46.2,55.9,50.5,,,,,,,,,
22103,2006-10-18 00:00:00,3640.8,7.94,252.29924999999997,364.16204999999997,19.6,252.29924999999997,364.16204999999997,-,51,-,105.076,35.03141536842104,199.6,71.6,0.7,216.72742000000002,11939,98.1,1,45.2,38,49.8,49.2,91.2,90.00740192450037,,,,,,,
22103,2006-10-19 00:00:00,3640.8,11.11,237.9111,352.50967499999996,19.838012981132078,237.9111,352.50967499999996,-,62,-,106.4,28.823648566037743,386.1,140.5,1.4,414.4262,18965,169.4,1.7,45.2,38,49.8,49.2,91.2,90.00740192450037,,,,,,,
22103,2006-10-20 00:00:00,3640.8,14.3,216.4808625,338.72947500000004,34.16266740310079,216.4808625,338.72947500000004,-,67,-,106.6,34.60066817829457,541.1,190.6,1.9,577.73522,15628.46,230.3,2.3,45.2,38,49.8,49.2,90.74615384615385,89.55949059576002,,,,,,,
22103,2006-10-21 00:00:00,3640.8,15.8,202.143375,327.38107500000007,35.39023160784315,202.143375,327.38107500000007,-,67,-,106.8,30.676942627450988,627.11,207.5,10.4,665.77765,16880.02,245.5,11.4,45.2,38,49.8,49.2,90.34615384615383,89.1647212890736,,,,,,,
22103,2007-06-02 00:00:00,3640.8,6.35,256.35224999999997,346.83547500000003,104.35490932890927,256.35224999999997,344.8,106.97411,36,-,106.2,24.319080287610614,143.89774431469036,54.87344053097344,0,-,918,99,0,45.2,36.91,49.1,48.4,103.7,102.34394275845054,,,,,,,
22103,2007-06-03 00:00:00,3640.8,9.53,242.16674999999998,338.8308,107.21844260137698,242.16674999999998,337.7,104.3933,44,-,106.4,37.07430003060443,294.73403662953336,127.42965410864566,2.318239326702373,-,2016.83,189.4,2.3,45.2,36.91,49.1,48.4,103,101.65309647174932,,,,,,,
22103,2007-06-04 00:00:00,3640.8,11.11,235.074,331.1301,106.27888716881155,235.074,331,106.24757,49,-,106.47,43.7389906056018,383.32721638437533,163.46455685087054,2.3834350946252867,-,2808.94,240.6,2.3,45.2,36.91,49.1,48.4,102.6,101.25832716506291,,,,,,,
22103,2007-06-05 00:00:00,3640.8,12.7,225.95475,322.112175,106.89910461720584,225.95475,321.2,106.80819,52,-,106.4,48.82547114443568,470.92728019529613,198.88862945540623,2.8877192107340126,-,3567,292.2,2.8,45.2,36.91,49.1,48.4,102.5,101.15963483839131,,,,,,,
22103,2007-06-06 00:00:00,3640.8,14.3,218.862,313.398225,108.51384787057926,218.862,317.5,108.4459,52,-,106.7,52.56820123401053,536.4440856104752,223.0819823024835,7.887590248307003,-,4111,328.4,8.1,45.2,36.91,49.1,48.4,103.9,102.54132741179374,,,,,,,
22103,2008-02-21 00:00:00,3640.5,7.94,248.0436,346.32885,98.6731937268516,245,346.4,98.06473,48.1,26.5,106.5,26.470533738425914,211.69317630027783,100.3815055555556,1.389455555555557,235.98689010027783,1499,172.2,1.4,45.2,36.99,-,-,97.4,96.12632617813966,,,,,,,
22103,2008-02-21 00:00:00,3640.5,9.53,241.1535,340.04670000000004,99.75011072431639,235,340,97.57602,56.8,35.7,106.6,36.03139318551372,294.1028987176943,137.70926261640798,1.181596807095343,320.15867280152577,2228.3,235.7,1.1,45.2,36.99,-,-,97.4,96.12632617813966,,,,,,,
22103,2008-02-22 00:00:00,3640.5,11.11,231.932925,332.5182525,100.73203566495226,230,332.5,100.92252,61.9,42.3,106.6,42.68608718589273,375.6961361203819,175.25866439382818,1.8010030271858954,408.8568764267214,2957,229.8,1.8,45.2,36.99,-,-,98.2,96.91586479151246,,,,,,,
22103,2008-02-23 00:00:00,3640.5,12.7,219.6726,323.125425,101.43754858564316,215,323.1,99.99746,65.9,47.6,106.5,47.70889010660982,467.3223379244352,213.29426882729226,2.92092434968017,507.6805345109086,3788,364.8,2.9,45.2,36.99,-,-,100.1,98.79101899827288,,,,,,,
22103,2008-02-24 00:00:00,3640.5,14.3,206.703,313.70220000000006,101.61406712023056,203,313.7,106.12093,67.6,51.8,106.4,51.94422598992091,537.9957827778841,253.08906488120937,2.584163110151191,585.882818016519,4455,431.1,2.6,45.2,36.99,-,-,98.6,97.31063409819886,,,,,,,
22104,2007-10-28 00:00:00,3577.5,7.94,222.1044,312.99292499999996,99.00846564929665,218,312.9,97.90287,46.2,24.8,106.614,25.195124855252303,196.00981259731995,62.855425905707314,0.33397796526054596,213.27024652899243,1391,110.9,0.3,45.6,34.18,49,49.7,98.1,96.81717246484085,,,,,,,
22104,2007-10-29 00:00:00,3577.5,9.53,213.79575,304.88692499999996,99.26105127031012,212,305,97.4281,53.5,32.1,106.6,32.47125546528803,267.0418457418618,88.69588909896606,0.31169264401772556,286.77699275902575,2026,155.6,0.3,45.6,34.18,49,49.7,97.7,96.42240315815445,,,,,,,
22104,2007-10-30 00:00:00,3577.5,11.11,198.597,294.5821725,98.84375012762058,200,294.7,98.64989,57.9,38.5,106.5,38.90015349134002,336.64659023212414,115.33729597082946,0.7042914858705568,362.3098428771196,2720,201.5,0.7,45.6,34.18,49,49.7,97.1,95.83024919812485,,,,,,,
22104,2007-10-31 00:00:00,3577.5,12.7,188.46450000000002,282.4941,98.30055471491215,196,282.6,97.86206,62.3,44.2,106.4,44.62660154239767,406.2078937817541,142.14835859649094,2.725833684210525,437.8386294031575,3464,246.9,2.7,45.6,34.18,49,49.7,97.7,96.42240315815445,,,,,,,
22104,2007-11-01 00:00:00,3577.5,14.29,173.26574999999997,270.13245,97.394537872493,174,270.5,97.38319,63,48.3,106.3,48.34321502865334,459.28029655306545,158.90730550143286,3.3015374785100233,494.6404735646129,4088,273.9,3.3,45.6,34.18,49,49.7,95.2,93.95509499136442,,,,,,,
22104,2010-09-09 00:00:00,3577.3,9.53,148.9,206.277,92.3,149,194.6,92.3,44,27.9,103.25,31.5,196.407,30.8,0.10599244390379564,201.10006425717205,1645,58.2,0.1,48.8092,23.78,43.4,-,89.8,88.62570935109795,,,,,,,
22104,2010-09-14 00:00:00,3577.3,11.11,137.6,197.5,92.7,134,180.6,92.8,49,36,103.12,38.3,244.555,35.2,0.1,249.91854420787647,2118,66.7,0.1,48.8092,23.78,43.4,-,90.1,88.92178633111276,,,,,,,
22104,2010-09-18 00:00:00,3577.3,12.7,131.3,189.068,92,129,162,93,53,41.8,102.95,42.9,275.764,34.6,0.4,281.2039174895729,2474,66.1,0.4,48.8092,23.78,43.4,-,89.6,88.42832469775475,,,,,,,
22104,2010-09-22 00:00:00,3577.3,14.29,120.9,179.555,93.3,119,160,92.7,54,45.8,102.72,47.5,312.62,31.6,5.6,317.5930700253745,2913,59,5.9,48.8092,23.78,43.4,-,89.6,88.42832469775475,,,,,,,
22104,2011-07-20 00:00:00,3554.8,9.53,138.28,193.29999999999998,93.62548055555568,140,195,93.479,44,32.5,104.2,32.4711701388889,175.4,26.2,0.4,182.69186000000002,1462,48.6,0.4,48.8,,34,,89.6,88.42832469775475,,,,,,,
22501,2007-06-18 00:00:00,3424.5,6.35,219.87525,316.1,101.81950427350398,219.87525,316.2,101.92225806451619,24.2,-,106.2,23.662576068376058,128.36564102564103,39.74131794871794,0.6,136.81524522153848,884,68.9,0.5,44.2,37.21,50.2,50.7,101.8,100.46878855169011,,780,,0.648,,,0.241
22501,2007-06-19 00:00:00,3424.5,9.53,201.63675,281.5,103.86519924098695,201.63675,275.9,103.97161290322573,35.5,-,106.4,36.558231499051224,244.57870967741937,67.58290702087284,1.3980222011385202,259.19829048823533,1867,120.4,1.4,44.2,37.21,50.2,50.7,103.6,102.24525043177893,,780,,0.648,,,0.216
22501,2007-06-20 00:00:00,3424.5,11.11,182.385,257.9,103.06488372093023,182.385,258,103.45129032258062,42.3,-,106.47,42.63247780126855,295.81310782241013,71.29403594080344,2.183448414376323,311.23619124482025,2445,123.9,2.3,44.2,37.21,50.2,50.7,102.6,101.25832716506291,,792,,0.648,,,0.191
22501,2007-06-21 00:00:00,3424.5,12.7,163.13324999999998,236.5,104.28088105726873,163.13324999999998,237.8,104.34129032258065,47.8,-,106.4,48.01590528634359,330.50469162995597,74.58585242290751,2.500872907488986,346.6401123819383,2869,126.4,2.6,44.2,37.21,50.2,50.7,103.9,102.54132741179374,,785,,0.648,,,0.177
22501,2007-06-22 00:00:00,3424.5,14.3,149.961,221.2,104.42884344146684,149.961,221.3,104.62210526315792,50.6,-,106.7,50.5755373765868,346.70407616361075,73.12181382228492,2.5502173483779966,362.5228747107194,3112,121.4,2.6,44.2,37.21,50.2,50.7,104,102.64001973846534,,777,,0.648,,,0.164
22501,2008-02-08 00:00:00,3437,7.5,212,305.56,100.8,215,305.6,99.7,40,26,106.5,25.9,162.152,45.4,0.6,172.04072,1168,79,0.5,44.2,36.46,47.9,48.6,99.8,98.49494201825807,,782,,0.684,,,0.219
22501,2008-02-08 00:00:00,3437,7.94,210.625,298.69,100.6,209,298.7,100.6,48,27.8,106.6,28.5,189.82,52.8,1,201.32084,1401,93.1,1,44.2,36.46,47.9,48.6,99.8,98.49494201825807,,782,,0.684,,,0.218
22501,2008-02-09 00:00:00,3437,9.53,193.52,278.23,100.6,193,278.2,100.6,54,35.1,106.6,36.3,250.427,63.9,1.5,264.34592,1996,110.8,1.6,44.2,36.46,47.9,48.6,100.1,98.79101899827288,,782,,0.684,,,0.2
22501,2008-02-10 00:00:00,3437,11.11,175.23076923076923,256.21,101.2,173,256.2,101.2,54,40.9,106.5,41,305.587,63,1.7,319.31010000000003,2545,115.5,1.9,44.2,36.46,47.9,48.6,100.1,98.79101899827288,,782,,0.684,,,0.161
22501,2008-02-11 00:00:00,3437,12.7,153.34615384615384,234.19,101.3,154,234.2,101.6,56,45.6,106.4,46.2,344.288,69,0.9,359.31710000000004,3043,113.2,1,44.2,36.46,47.9,48.6,100.3,98.98840365161608,,782,,0.684,,,0.157
22501,2008-02-12 00:00:00,3437,14.29,138.1578947368421,216.9,101.4,138,216.8,100.2,57,49.3,106.43,49.7,360.232,71.1,0.8,375.71837999999997,3320,116.8,0.8,44.2,36.46,47.9,48.6,100.7,99.3831729583025,,782,,0.684,,,0.154
22501,2011-06-13 00:00:00,3440,7.94,163.6153846153846,174,92.0526897987506,163,174,90.945,44,25.6,102.55,25.94277793199168,145.67850798056907,33.93994240111031,0.23924449687716876,154.32325055462871,1187,60.9,0.2,44.2,29.17,56.1,-,90,88.82309400444116,,770.1,,0.57,,,0.18
22501,2011-06-16 00:00:00,3440,7.94,163.6,228.46,92.58793483709262,164,229.1,92.642,42,24.8,102.507,25.80761152882207,145.72345864661654,33.62976691729322,0.23698969924812027,154.2891972701504,1168,60.1,0.2,44.2,29.17,56.1,-,90.4,89.21786331112757,,770.1,,0.57,,,0.178
22501,2011-06-17 00:00:00,3440,7.94,163,228.1,92.6323398762964,163,231.4,94.154,43,26.6,102.068,26.23892374702136,144.77118915159946,33.84913838664805,0.23765479833101524,153.39280235347704,1172,59.8,0.2,44.2,29.17,56.1,-,90.7,89.51394029114236,,770.1,,0.57,,,0.18
22503,2007-06-26 00:00:00,3277.8,6.35,288.77625,382.5,101.9,288.77625,378.6,104.1,26.5,-,106.2,25.9,168.591,48.3,0.8,178.86037999999996,1891,116.8,0.8,44.5,40.35,53.9,52.7,101.5,100.17271157167531,,781,,0.672,,,0.224
22503,2007-06-26 00:00:00,3277.8,9.53,282.69675,373.7,103.8,282.69675,379.6,103.5,39,-,106.4,40.1,354.224,89.8,3.2,373.31868,1192,82.6,0.8,44.5,40.35,53.9,52.7,101.5,100.17271157167531,,186,,0.672,,,0.199
22503,2007-06-27 00:00:00,3277.8,11.11,271.551,365.7,103.6,271.551,372.7,102.9,45.3,-,106.47,46.1,460.406,117.3,0.6,485.34457999999995,2740,152.8,3.3,44.5,40.35,53.9,52.7,103.2,101.85048112509253,,790,,0.672,,,0.201
22503,2007-06-28 00:00:00,3277.8,12.7,254.32575,354.5,104.1,254.32575,364.1,103.8,50.3,-,106.4,50.5,569.067,138.4,1.6,598.49244,3730,196.5,0.6,44.5,40.35,53.9,52.7,102.7,101.35701949173452,,787,,0.672,,,0.191
22503,2007-06-29 00:00:00,3277.8,14.3,239.127,345.9,105.8,239.127,354.6,104,53.5,-,106.7,54,648.097,158,1.8,681.6896,4726,232.4,1.7,44.5,40.35,53.9,52.7,103.1,101.75178879842092,,787,,0.672,,,0.192
22503,2008-02-28 00:00:00,3276,7.5,268,370.0389,95,268,370.1,95.4,56,28.6,104.98,30.4,246.611,69.9,1.2,261.47294,1967,114.7,1.1,44.5,39.44,48.3,45.6,94.3,93.06686405132001,,785,,0.667,,,0.222
22503,2008-02-29 00:00:00,3276,9.53,262,364.6788075,94.9,262,364.6,94.9,62,36.3,105.18,37.5,350.087,94.4,1.4,370.15784,2970,154.5,1.4,44.5,39.44,48.3,45.6,93.5,92.2773254379472,,785,,0.667,,,0.212
22503,2008-03-01 00:00:00,3276,11.11,252,357.1199625,97,252,357,96.9,66,42.8,105.24,43.7,452.114,117.6,1.4,477.11715999999996,3869,196.7,1.4,44.5,39.44,48.3,45.6,95.3,94.05378731803602,,785,,0.667,,,0.204
22503,2008-03-02 00:00:00,3276,12.7,237.40000000000003,347.44342499999993,95.7,238,347.5,95.8,70,47.5,105.23,47.9,562.202,142,2.1,592.3933,5012,235.7,2,44.5,39.44,48.3,45.6,94.2,92.96817172464841,,785,,0.667,,,0.198
22503,2008-03-03 00:00:00,3276,14.3,220,337.87834499999997,99.8,220,337.7,99.3,70,51.8,105.16,52.1,653.254,154.7,2.3,686.14552,5733,264.3,2.4,44.5,39.44,48.3,45.6,98.5,97.21194177152726,,785,,0.667,,,0.186
22503,2009-01-16 00:00:00,3284,7.94,241.1195652173913,335.20000000000005,88.7,241,335.5,89,51,27,104.68,27.2,215.336,55.4,1.1,226.53898,1773,93.1,1.1,44.5,35.28,40.5,41.6,89.7,88.52701702442636,,782,,0.66,,,0.201
22503,2009-01-20 00:00:00,3284,9.53,240,328.1,91.2,240,328.4,91.4,59.1,34.9,104.84,35.7,312.61,72.7,1.9,325.42891000000003,2750,119.2,2,44.5,35.28,40.5,41.6,88.9,87.73747841105354,,782,,0.66,,,0.182
22503,2009-01-24 00:00:00,3284,11.11,229,318,98,228,318.3,98.9,63.3,41.4,104.85,42.5,409.227,86.3,3.5,424.73861,3583,143.9,3.5,44.5,35.28,40.5,41.6,91,89.81001727115716,,782,,0.66,,,0.165
22503,2009-01-28 00:00:00,3284,12.7,215,307.8,98.6,215,308.1,97.2,65,45.8,104.78,46.3,479.085,93.5,4.7,495.62985000000003,4165,156.8,4.8,44.5,35.28,40.5,41.6,94.4,93.16555637799162,,782,,0.66,,,0.153
22503,2009-02-01 00:00:00,3284,14.29,198,293.6,98.5,197,293.9,98.4,66.9,49.8,104.63,50.5,568.497,106.6,6.4,587.3609399999999,5113,174.3,6.5,44.5,35.28,40.5,41.6,94,92.77078707130521,,782,,0.66,,,0.147
22503,2010-08-16 00:00:00,3288.6,7.94,231.22916666666666,309.1,92.6,230,307.1,92.7,51,-,104.4,28.1,215.803,50.5,0.44891701610110907,224.8580989170161,1759,84.7,0.4,48.3747,33.21,-,-,89.9,88.72440167776956,,779.6,,0.668,,,0.182
22503,2010-08-20 00:00:00,3288.6,11.11,217.2016806722689,293.9,93.1,215,293.9,93.3,60,-,104.6,41.3,387.675,72,1.5,403.74690000000004,3454,123,1.6,48.3747,33.21,-,-,90.8,89.61263261781396,,779.6,,0.668,,,0.145
22503,2011-10-02 00:00:00,3289.8,9.53,199,271,95.94595105865976,199,272.3,94.637,56,-,103.9,36.16154737938216,264.3,47.6,1,274.9396,2223,80,1.1,48.4,-,39.9,-,94,92.77078707130521,,772.6,,0.671,,,0.139
22505,2007-07-11 00:00:00,3672.3,6.35,282.69675,375.048408,106.17516930701034,282.69675,372.1,105.48754,25,-,106.6,24.15616203867847,164.79390254117655,47.62967516518936,0.8748941821112014,171.6753814304705,1047,75,0.9,43,43.98,58.8,65.9,106,104.61386627189736,,,,,,,
22505,2007-07-12 00:00:00,3672.3,9.53,268.51125,356.765325,106.42150231417631,268.51125,354.6,104.83707,47,-,106.8,36.77411065134103,339.9839631851026,100.06929949425266,5.0742453333333355,354.4205691607881,2422,156.6,5,43,43.98,58.8,65.9,105.8,104.41648161855416,,,,,,,
22505,2007-07-13 00:00:00,3672.3,11.11,252.29924999999997,340.8573,106.53457169044204,252.29924999999997,337,106.30395,47,-,106.7,42.8143000142654,424.4614120192292,124.34193808844505,1.6885314693295304,443.0205857300884,3175,194,1.7,43,43.98,58.8,65.9,105.8,104.41648161855416,,,,,,,
22505,2007-07-14 00:00:00,3672.3,12.7,232.03425,323.6746065,106.10082069872298,232.03425,321.5,105.7409,47,-,106.5,47.76626674680694,506.70062227239697,149.2823873779115,1.5186961983471081,529.0110516241984,3955,231.8,1.5,43,43.98,58.8,65.9,105.4,104.02171231186776,,,,,,,
22505,2007-07-15 00:00:00,3672.3,14.29,213.79575,306.710775,106.11478101418439,213.79575,318.3,106.63985,47,-,106.3,51.14760070921981,563.9089136427239,165.69483897872345,1.4199205106382973,588.9956862117206,4511,256.8,1.5,43,43.98,58.8,65.9,106.6,105.20602023192697,,,,,,,
22505,2008-11-11 00:00:00,3679.5,7.94,241,335.97,89.81832063390507,241,333.4,87.58879,48.2,22,106.73,21.98896623095826,236.76262912440276,67.37396674201469,0.500798034398034,245.97035169418078,1599,99.5,0.5,43,38.74,48,61.8,86.5,85.36886257093511,,,,,,,
22505,2008-11-13 00:00:00,3679.5,9.53,231.2173913043478,325.47,89.44326030021458,229,321.7,89.37193,54.7,29.5,106.7,29.489079671193707,331.07270472737656,87.1971791279486,1.5541646890636152,342.9211555132037,2382,128,1.5,43,38.74,48,61.8,88,86.84924747100914,,,,,,,
22505,2008-11-14 00:00:00,3679.5,11.11,219.12,311.69,91.73778479883114,217,306.6,91.68636,60.6,36.8,106.59,36.95314233357711,420.9703807805706,107.6837379370883,2.9050263643013885,435.67879088386206,3100,158.9,2.9,43,38.74,48,61.8,89.7,88.52701702442636,,,,,,,
22505,2008-11-15 00:00:00,3679.5,14.29,188.39130434782612,288.76,96.31888419605232,186,280.4,100.59241,64,46,106.27,46.00891623413251,585.8927795449933,140.76429241184766,5.14166657263752,605.3632885203182,4343,210.4,5.2,43,38.74,48,61.8,92.7,91.4877868245744,,,,,,,
22505,2009-09-11 00:00:00,3678,7.94,224.8,319.639,87.46398928231895,224,317.5,86.870461,50.3,22.9,105.38,23.289476115019067,207.4,61.3,1.3,219.36705999999998,1852,91.3,1.3,46.7435,36.96,60.9,60.8,83.7,82.60547742413027,,,,,,,
22505,2009-09-15 00:00:00,3678,9.53,216.5,310.281,89.16134300783284,214,299.3,90.022499,48.6,30.8,105.36,30.779152722499195,286.1,75,1.2,300.8312,2647,111.9,1.3,46.7435,36.96,60.9,60.8,85.5,84.3819393042191,,,,,,,
22505,2009-09-19 00:00:00,3678,11.11,197.5,291.377,92.07288248653074,194,277.3,91.773788,52.4,37.8,105.16,37.69498104426164,356.4,83.1,1.5,371.28470999999996,3324,125,1.5,46.7435,36.96,60.9,60.8,88.6,87.44140143103873,,,,,,,
22505,2009-09-23 00:00:00,3678,12.7,182.2,271.586,93.25511106004254,179,258.6,92.702141,55.6,41.8,104.91,41.83273067661524,394.6,85.1,1.5,408.96638,3728,128.3,1.5,46.7435,36.96,60.9,60.8,89.7,88.52701702442636,,,,,,,
22505,2009-09-27 00:00:00,3678,14.29,157,249.076,96.47214291808145,153,233.5,100.060417,56.7,47.6,104.5,47.71535749833721,455.6,89.4,1.7,471.00532,4302,135.9,1.7,46.7435,36.96,60.9,60.8,87.3,86.15840118430792,,,,,,,
22505,2010-04-09 00:00:00,3679.5,7.94,211.9,289.3877,91.13122614234176,208,289.6,91.304642,47,24.4,104.903,24.84165043077352,188.434,61.47,1.118,200.870499,1550,92.4,1.1,46.7435,38.65317,64.1,61.3,88.2,87.04663212435234,,,,,,,
22505,2010-04-14 00:00:00,3679.5,9.53,204,282.8709,91.17300798070237,201,275.3,91.616821,48.9,26.7,104.882,31.580439797721507,261.036,72.91,4.748,273.70521499999995,2265,108.9,4.8,46.7435,38.65317,64.1,61.3,88.5,87.34270910436713,,,,,,,
22505,2010-04-17 00:00:00,3679.5,11.11,187.5,267.4787,91.53026166328058,184,255,89.507935,53.5,33.3,104.689,37.478663672060556,323.372,82.487,6.278,337.68152380000004,2918,122.7,6.3,46.7435,38.65317,64.1,61.3,89.8,88.62570935109795,,,,,,,
